{
  "hash": "0bd4cd48",
  "configHash": "f66eb4b6",
  "lockfileHash": "9cd16a22",
  "browserHash": "49449366",
  "optimized": {
    "@angular/common": {
      "src": "../../../../../node_modules/@angular/common/fesm2022/common.mjs",
      "file": "@angular_common.js",
      "fileHash": "9494198b",
      "needsInterop": false
    },
    "@angular/common/http": {
      "src": "../../../../../node_modules/@angular/common/fesm2022/http.mjs",
      "file": "@angular_common_http.js",
      "fileHash": "04dde5bc",
      "needsInterop": false
    },
    "@angular/core": {
      "src": "../../../../../node_modules/@angular/core/fesm2022/core.mjs",
      "file": "@angular_core.js",
      "fileHash": "40c1cb23",
      "needsInterop": false
    },
    "@angular/forms": {
      "src": "../../../../../node_modules/@angular/forms/fesm2022/forms.mjs",
      "file": "@angular_forms.js",
      "fileHash": "3200e426",
      "needsInterop": false
    },
    "@angular/material/button": {
      "src": "../../../../../node_modules/@angular/material/fesm2022/button.mjs",
      "file": "@angular_material_button.js",
      "fileHash": "defb5de9",
      "needsInterop": false
    },
    "@angular/material/card": {
      "src": "../../../../../node_modules/@angular/material/fesm2022/card.mjs",
      "file": "@angular_material_card.js",
      "fileHash": "7839f033",
      "needsInterop": false
    },
    "@angular/material/checkbox": {
      "src": "../../../../../node_modules/@angular/material/fesm2022/checkbox.mjs",
      "file": "@angular_material_checkbox.js",
      "fileHash": "df61e4b1",
      "needsInterop": false
    },
    "@angular/material/core": {
      "src": "../../../../../node_modules/@angular/material/fesm2022/core.mjs",
      "file": "@angular_material_core.js",
      "fileHash": "3dee7a99",
      "needsInterop": false
    },
    "@angular/material/dialog": {
      "src": "../../../../../node_modules/@angular/material/fesm2022/dialog.mjs",
      "file": "@angular_material_dialog.js",
      "fileHash": "82c53dfc",
      "needsInterop": false
    },
    "@angular/material/form-field": {
      "src": "../../../../../node_modules/@angular/material/fesm2022/form-field.mjs",
      "file": "@angular_material_form-field.js",
      "fileHash": "4d67716c",
      "needsInterop": false
    },
    "@angular/material/icon": {
      "src": "../../../../../node_modules/@angular/material/fesm2022/icon.mjs",
      "file": "@angular_material_icon.js",
      "fileHash": "029331d8",
      "needsInterop": false
    },
    "@angular/material/input": {
      "src": "../../../../../node_modules/@angular/material/fesm2022/input.mjs",
      "file": "@angular_material_input.js",
      "fileHash": "cedd7027",
      "needsInterop": false
    },
    "@angular/material/list": {
      "src": "../../../../../node_modules/@angular/material/fesm2022/list.mjs",
      "file": "@angular_material_list.js",
      "fileHash": "9401bd81",
      "needsInterop": false
    },
    "@angular/material/menu": {
      "src": "../../../../../node_modules/@angular/material/fesm2022/menu.mjs",
      "file": "@angular_material_menu.js",
      "fileHash": "902b3639",
      "needsInterop": false
    },
    "@angular/material/paginator": {
      "src": "../../../../../node_modules/@angular/material/fesm2022/paginator.mjs",
      "file": "@angular_material_paginator.js",
      "fileHash": "49fb97e2",
      "needsInterop": false
    },
    "@angular/material/select": {
      "src": "../../../../../node_modules/@angular/material/fesm2022/select.mjs",
      "file": "@angular_material_select.js",
      "fileHash": "c7fa9f71",
      "needsInterop": false
    },
    "@angular/material/sidenav": {
      "src": "../../../../../node_modules/@angular/material/fesm2022/sidenav.mjs",
      "file": "@angular_material_sidenav.js",
      "fileHash": "aa928be2",
      "needsInterop": false
    },
    "@angular/material/sort": {
      "src": "../../../../../node_modules/@angular/material/fesm2022/sort.mjs",
      "file": "@angular_material_sort.js",
      "fileHash": "968d4ce8",
      "needsInterop": false
    },
    "@angular/material/table": {
      "src": "../../../../../node_modules/@angular/material/fesm2022/table.mjs",
      "file": "@angular_material_table.js",
      "fileHash": "50b609b2",
      "needsInterop": false
    },
    "@angular/material/toolbar": {
      "src": "../../../../../node_modules/@angular/material/fesm2022/toolbar.mjs",
      "file": "@angular_material_toolbar.js",
      "fileHash": "2c3ae063",
      "needsInterop": false
    },
    "@angular/platform-browser": {
      "src": "../../../../../node_modules/@angular/platform-browser/fesm2022/platform-browser.mjs",
      "file": "@angular_platform-browser.js",
      "fileHash": "199c58cc",
      "needsInterop": false
    },
    "@angular/platform-browser/animations/async": {
      "src": "../../../../../node_modules/@angular/platform-browser/fesm2022/animations/async.mjs",
      "file": "@angular_platform-browser_animations_async.js",
      "fileHash": "d884cf12",
      "needsInterop": false
    },
    "@angular/router": {
      "src": "../../../../../node_modules/@angular/router/fesm2022/router.mjs",
      "file": "@angular_router.js",
      "fileHash": "9f1aba2d",
      "needsInterop": false
    },
    "chart.js": {
      "src": "../../../../../node_modules/chart.js/dist/chart.js",
      "file": "chart__js.js",
      "fileHash": "697dbf18",
      "needsInterop": false
    },
    "chart.js/auto": {
      "src": "../../../../../node_modules/chart.js/auto/auto.js",
      "file": "chart__js_auto.js",
      "fileHash": "177d89dc",
      "needsInterop": false
    },
    "ngx-toastr": {
      "src": "../../../../../node_modules/ngx-toastr/fesm2022/ngx-toastr.mjs",
      "file": "ngx-toastr.js",
      "fileHash": "eebfeb3e",
      "needsInterop": false
    },
    "rxjs": {
      "src": "../../../../../node_modules/rxjs/dist/esm5/index.js",
      "file": "rxjs.js",
      "fileHash": "4dec971b",
      "needsInterop": false
    },
    "groq-sdk": {
      "src": "../../../../../node_modules/groq-sdk/index.mjs",
      "file": "groq-sdk.js",
      "fileHash": "84ba5e09",
      "needsInterop": false
    }
  },
  "chunks": {
    "browser-TV6VFB5N": {
      "file": "browser-TV6VFB5N.js"
    },
    "chunk-3KTU2HQN": {
      "file": "chunk-3KTU2HQN.js"
    },
    "chunk-AJ2Q72LW": {
      "file": "chunk-AJ2Q72LW.js"
    },
    "chunk-AMONQ7HW": {
      "file": "chunk-AMONQ7HW.js"
    },
    "chunk-BVW6H7CP": {
      "file": "chunk-BVW6H7CP.js"
    },
    "chunk-JXJVAWPV": {
      "file": "chunk-JXJVAWPV.js"
    },
    "chunk-G7BHKBYE": {
      "file": "chunk-G7BHKBYE.js"
    },
    "chunk-2YKAUAWY": {
      "file": "chunk-2YKAUAWY.js"
    },
    "chunk-422GVE3F": {
      "file": "chunk-422GVE3F.js"
    },
    "chunk-KUSPIT74": {
      "file": "chunk-KUSPIT74.js"
    },
    "chunk-NMY2SWO6": {
      "file": "chunk-NMY2SWO6.js"
    },
    "chunk-OYOIOTKQ": {
      "file": "chunk-OYOIOTKQ.js"
    },
    "chunk-4HIFHHBJ": {
      "file": "chunk-4HIFHHBJ.js"
    },
    "chunk-LCFNAIYZ": {
      "file": "chunk-LCFNAIYZ.js"
    },
    "chunk-WKU6PVB3": {
      "file": "chunk-WKU6PVB3.js"
    },
    "chunk-CO2UG7VT": {
      "file": "chunk-CO2UG7VT.js"
    },
    "chunk-HMLPZKPQ": {
      "file": "chunk-HMLPZKPQ.js"
    }
  }
}